{
   "AP":"Andhra Pradesh",
   "AR":"Arunachal Pradesh",
   "AS":"Assam",
   "BR":"Bihar",
   "CG":"Chhattisgarh",
   "CH":"Chandigarh",
   "DN":"Dadra and Nagar Haveli",
   "DD":"Daman and Diu",
   "DL":"Delhi",
   "GA":"Goa",
   "GJ":"Gujarat",
   "HR":"Haryana",
   "HP":"Himachal Pradesh",
   "JK":"Jammu and Kashmir",
   "JH":"Jharkhand",
   "KA":"Karnataka",
   "KL":"Kerala",
   "MP":"Madhya Pradesh",
   "MH":"Maharashtra",
   "MN":"Manipur",
   "ML":"Meghalaya",
   "MZ":"Mizoram",
   "NL":"Nagaland",
   "OR":"Orissa",
   "PB":"Punjab",
   "PY":"Pondicherry",
   "RJ":"Rajasthan",
   "SK":"Sikkim",
   "TN":"Tamil Nadu",
   "TE":"Telangana",
   "TR":"Tripura",
   "UP":"Uttar Pradesh",
   "UK":"Uttarakhand",
   "WB":"West Bengal",
   "IN":"International"
   
}